Duration (in seconds),Finished,UserLanguage,clarity_ai_mw_01_1,clarity_ai_mw_02_1,clarity_ai_mw_03_1,clarity_ai_mw_04_1,clarity_ai_mw_05_1,clarity_ai_wd_01_1,clarity_ai_wd_02_1,clarity_ai_wd_03_1,clarity_ai_wd_04_1,clarity_ai_wd_05_1,clarity_ai_yd_01_1,clarity_ai_yd_02_1,clarity_ai_yd_03_1,clarity_ai_yd_04_1,clarity_ai_yd_05_1,AVERAGECLARITY_AI,clarity_hum_mw_01_1,clarity_hum_mw_02_1,clarity_hum_mw_03_1,clarity_hum_mw_04_1,clarity_hum_mw_05_1,clarity_hum_wd_01_1,clarity_hum_wd_02_1,clarity_hum_wd_03_1,clarity_hum_wd_04_1,clarity_hum_wd_05_1,clarity_hum_yd_01_1,clarity_hum_yd_02_1,clarity_hum_yd_03_1,clarity_hum_yd_04_1,clarity_hum_yd_05_1,AVERAGECLARITY_HUMAN,quality_ai_mw_01_1,quality_ai_mw_02_1,quality_ai_mw_03_1,quality_ai_mw_04_1,quality_ai_mw_05_1,quality_ai_wd_01_1,quality_ai_wd_02_1,quality_ai_wd_03_1,quality_ai_wd_04_1,quality_ai_wd_05_1,quality_ai_yd_01_1,quality_ai_yd_02_1,quality_ai_yd_03_1,quality_ai_yd_04_1,quality_ai_yd_05_1,AVERAGE_QUALITY_AI,quality_hum_mw_01_1,quality_hum_mw_02_1,quality_hum_mw_03_1,quality_hum_mw_04_1,quality_hum_mw_05_1,quality_hum_wd_01_1,quality_hum_wd_02_1,quality_hum_wd_03_1,quality_hum_wd_04_1,quality_hum_wd_05_1,quality_hum_yd_01_1,quality_hum_yd_02_1,quality_hum_yd_03_1,quality_hum_yd_04_1,quality_hum_yd_05_1,AVERAGE_QUALITY_HUMAN,age,young_binary,gender_1man_2woman,woman_binary,man_binary,nationality,migrant_binary,work,work_binary,car_driving,driving_binary,women_driver_status,migrant_worker_status,young_driver_status
300,1,EN,2,3,5,5,5,4,5,4,4,5,4,5,5,5,4,4.33,5,5,5,5,5,4,5,5,5,,5,5,4,5,5,4.86,5,5,5,4,4,5,5,5,5,4,5,4,5,5,5,4.73,5,,5,5,5,5,5,4,5,4,5,5,5,4,5,4.79,19,1,2,1,,UAE,0,student,0,0.25,1,1,0,1
309,1,EN,3,4,3,4,3,4,3,3,5,4,3,4,2,3,5,3.53,5,5,3,5,3,4,4,3,5,,4,5,2,2,4,3.86,3,3,3,3,3,3,4,3,3,3,3,3,3,3,4,3.13,4,,3,3,3,3,3,3,4,4,3,3,3,3,5,3.36,30,0,2,1,,non-UAE,1,job,1,13,1,1,1,0
312,1,EN,4,5,4,4,4,5,5,5,4,3,3,5,4,5,4,4.27,4,3,5,5,5,5,4,4,4,,4,5,5,3,3,4.21,2,1,2,1,1,1,2,1,2,1,1,1,2,1,2,1.4,1,,2,1,1,2,1,2,1,2,2,2,2,1,2,1.57,,0,2,1,,UAE,0,student,0,-99,0,0,0,0
312,1,EN,3,5,5,4,4,5,5,3,5,5,4,5,5,5,5,4.53,5,4,5,5,4,5,5,4,5,,5,5,5,5,5,4.79,3,4,3,5,4,5,4,5,4,5,5,5,3,4,4,4.2,5,,4,4,5,4,4,5,5,5,5,5,4,3,5,4.5,18,1,2,1,,UAE,0,job,1,1,1,1,0,1
318,1,EN,5,5,5,5,5,5,5,5,5,5,5,5,5,5,5,5,5,5,5,5,5,5,5,5,5,,5,5,5,5,5,5,5,5,5,5,5,5,5,5,5,5,5,5,5,5,5,5,5,,5,5,5,5,5,5,5,5,5,5,5,5,5,5,22,0,1,,1,UAE,0,student,0,4,1,0,0,0
325,1,EN,5,5,5,5,5,5,5,5,5,5,5,5,5,5,5,5,5,5,5,5,5,4,4,5,5,,5,5,5,5,5,4.86,2,1,1,1,1,1,1,1,2,1,1,1,1,1,1,1.13,1,,2,1,1,1,2,1,1,1,1,1,1,1,1,1.14,22,0,2,1,,UAE,0,student,0,1,1,1,0,0
331,1,EN,5,5,5,4,4,5,5,5,4,2,5,5,2,4,5,4.33,5,4,5,5,4,5,5,5,5,,4,4,5,4,5,4.64,5,4,4,4,5,5,5,3,5,3,5,5,3,5,4,4.33,5,,3,4,5,5,5,4,4,5,4,5,4,4,4,4.36,20,1,2,1,,UAE,0,student,0,3,1,1,0,1
334,1,EN,5,5,5,5,5,5,5,5,5,5,5,5,5,5,5,5,5,5,5,5,5,5,5,5,5,,5,5,5,5,5,5,5,5,5,5,5,5,5,4,5,5,5,5,5,5,5,4.93,5,,5,5,5,5,5,5,5,5,5,5,5,5,5,5,19,1,2,1,,UAE,0,student,0,1,1,1,0,1
339,1,EN,5,5,5,5,5,5,5,5,5,5,5,5,5,5,5,5,5,5,5,5,5,5,5,5,5,,5,5,5,5,5,5,5,5,5,5,5,5,5,5,5,5,5,5,5,5,5,5,5,,5,5,5,5,5,5,5,5,5,5,5,5,5,5,20,1,2,1,,non-UAE,1,student,0,2,1,1,0,1
350,1,EN,2,1,2,2,2,2,2,3,3,2,3,3,1,2,3,2.2,1,2,2,2,2,3,3,2,3,,4,2,2,2,3,2.36,4,4,5,5,4,3,4,3,4,3,5,5,5,5,4,4.2,5,,3,5,4,5,4,5,4,4,3,4,5,4,3,4.14,21,1,2,1,,UAE,0,job,1,2,1,1,0,1
359,1,EN,5,5,5,5,5,5,5,5,5,5,5,5,5,5,5,5,5,5,5,5,5,5,5,5,5,,5,5,5,2,5,4.79,5,5,5,5,5,5,5,5,5,5,5,5,5,5,5,5,5,,5,5,5,5,5,5,5,5,5,5,5,5,5,5,18,1,2,1,,UAE,0,job,1,1,1,1,0,1
363,0,EN,5,5,5,5,5,5,5,5,5,5,5,5,5,5,5,5,5,5,5,5,5,5,5,5,5,,5,5,5,5,5,5,4,4,4,4,4,4,4,4,4,4,4,4,4,4,4,4,4,,4,4,4,4,4,4,4,4,4,4,4,4,4,4,,0,,,,non-UAE,1,job,1,,,0,0,0
363,1,EN,1,3,4,1,5,4,5,4,1,2,5,1,5,4,1,3.07,5,5,1,1,5,3,5,3,3,,1,3,5,4,1,3.21,1,5,5,3,4,5,5,3,3,1,3,3,4,3,1,3.27,5,,1,5,3,2,4,1,4,3,2,2,3,2,5,3,19,1,2,1,,non-UAE,1,student,0,0.2,1,1,0,1
366,1,EN,5,1,5,2,2,3,2,5,2,5,4,3,3,2,5,3.27,4,3,1,4,5,3,5,4,5,,4,2,2,2,3,3.36,5,3,4,4,4,3,4,2,4,2,3,1,3,3,3,3.2,5,,4,5,5,5,1,2,4,5,3,4,4,3,4,3.86,21,1,1,,1,UAE,0,student,0,3,1,0,0,1
367,1,EN,5,5,5,5,5,5,5,5,5,5,5,5,5,5,5,5,5,5,5,5,5,5,5,5,5,,5,5,5,5,5,5,5,5,5,5,5,5,5,5,5,5,5,5,5,5,5,5,5,,5,5,5,5,5,5,5,5,5,5,5,5,5,5,19,1,2,1,,UAE,0,job,1,1,1,1,0,1
367,1,EN,4,4,4,5,4,4,5,5,5,5,5,5,5,5,5,4.67,5,5,5,5,5,5,5,4,5,,5,5,3,5,5,4.79,4,3,4,4,5,4,4,4,4,4,4,4,4,4,3,3.93,4,,5,4,4,4,5,4,4,4,4,3,4,4,4,4.07,20,1,2,1,,UAE,0,job,1,,,0,0,0
375,1,EN,3,4,5,4,3,5,3,5,4,5,3,4,4,4,5,4.07,4,3,5,4,4,5,5,4,3,,4,4,3,4,4,4,4,4,4,4,4,5,3,4,4,5,4,4,4,4,4,4.07,5,,4,3,4,3,5,5,5,4,5,4,4,4,3,4.14,,0,2,1,,UAE,0,student,0,1,1,1,0,0
377,1,EN,5,5,5,5,5,4,5,1,4,4,5,5,1,5,5,4.27,5,5,5,5,5,4,5,5,5,,5,5,4,3,5,4.71,4,4,4,4,5,5,5,5,4,5,5,4,5,5,5,4.6,5,,5,5,5,5,4,5,5,5,5,5,5,4,5,4.86,,0,2,1,,UAE,0,student,0,1,1,1,0,0
380,1,EN,5,5,5,5,5,5,5,5,5,5,5,5,5,5,5,5,5,5,5,5,5,5,5,5,5,,5,5,5,5,5,5,5,5,5,5,5,5,5,5,5,5,5,5,5,5,5,5,5,,5,5,5,5,5,5,5,5,5,5,5,5,5,5,19,1,2,1,,UAE,0,student,0,-99,0,0,0,0
381,1,EN,2,2,2,2,2,2,2,2,2,2,2,2,2,2,2,2,2,2,2,2,2,2,2,2,2,,2,2,2,2,2,2,4,4,4,4,4,4,4,4,4,4,4,4,4,4,4,4,4,,4,4,4,4,4,4,4,4,4,4,4,4,4,4,21,1,1,,1,UAE,0,student,0,3,1,0,0,1
385,1,EN,4,4,4,3,3,4,4,3,1,4,4,4,5,5,5,3.8,5,4,2,3,4,5,3,4,5,,3,4,5,3,4,3.86,4,5,4,5,4,3,5,4,4,5,1,4,2,3,5,3.87,5,,2,4,5,5,4,5,5,5,5,3,5,3,5,4.36,46,0,1,,1,non-UAE,1,job,1,30,1,0,1,0
388,1,EN,3,5,3,4,4,1,3,4,2,2,1,3,2,2,3,2.8,1,5,4,1,3,1,3,1,3,,2,3,4,3,4,2.71,2,4,2,3,2,5,4,3,2,4,1,4,5,4,3,3.2,5,,3,4,5,3,1,5,1,4,1,3,5,3,5,3.43,20,1,2,1,,non-UAE,1,job,1,,,0,0,0
393,1,EN,4,2,4,3,1,3,1,1,3,3,5,3,1,3,2,2.6,3,5,4,3,5,2,4,3,3,,3,1,4,1,1,3,4,2,3,1,2,4,4,5,4,4,3,2,5,3,4,3.33,2,,2,1,4,1,5,3,2,2,3,3,5,2,2,2.64,19,1,2,1,,non-UAE,1,job,1,1,1,1,1,1
403,0,EN,5,4,4,3,3,3,2,2,5,5,3,3,3,3,3,3.4,3,4,5,5,5,5,5,5,4,,5,5,5,5,5,4.71,3,5,5,5,5,,,,,,,,,,,,,,,,,,,,,,,,,,,,,,,,,non-UAE,1,job,1,,,0,0,0
404,1,EN,4,5,2,5,2,3,5,5,5,2,4,5,4,3,5,3.93,3,5,4,2,5,4,5,2,1,,2,3,3,4,1,3.14,5,1,2,1,2,1,1,1,5,1,2,1,1,4,2,2,5,,1,4,4,3,3,1,5,4,5,1,2,1,4,3.07,,0,1,,1,UAE,0,student,0,3,1,0,0,0
406,1,EN,5,5,5,5,5,5,5,5,5,5,5,5,5,5,5,5,5,5,5,5,5,5,5,5,5,,5,5,5,5,5,5,5,5,5,5,5,5,5,5,5,5,5,5,5,5,5,5,5,,5,5,5,5,5,5,5,5,5,5,5,5,5,5,,0,,,,non-UAE,1,job,1,,,0,0,0
411,1,EN,5,5,5,5,5,5,5,5,5,5,5,5,5,5,5,5,5,5,5,5,5,5,5,5,5,,5,5,5,5,5,5,5,5,5,5,5,5,5,5,5,5,5,5,5,5,5,5,5,,5,5,5,5,5,5,5,5,5,5,5,5,5,5,,0,1,,1,UAE,0,student,0,3,1,0,0,0
413,1,EN,4,3,3,1,3,5,4,3,2,2,2,1,3,3,3,2.8,3,3,3,3,5,5,3,1,5,,3,5,1,3,3,3.29,4,3,3,3,4,3,3,3,2,2,3,3,3,3,3,3,5,,3,2,3,5,1,3,3,3,5,3,3,4,4,3.36,,0,2,1,,UAE,0,student,0,4,1,1,0,0
419,1,EN,3,4,5,3,2,1,2,2,2,2,4,3,2,2,3,2.67,4,4,2,3,1,1,1,2,3,,3,2,2,1,4,2.36,3,3,1,2,2,2,4,1,2,1,1,1,2,5,4,2.27,4,,1,2,3,1,1,1,3,5,3,1,1,1,4,2.21,,0,2,1,,UAE,0,job,1,3,1,1,0,0
420,1,EN,3,3,3,3,3,3,5,3,3,3,3,3,4,3,3,3.2,3,3,3,3,3,3,3,3,3,,3,3,3,3,3,3,4,4,4,4,4,4,4,4,4,4,4,4,4,4,4,4,4,,4,4,4,4,4,4,4,4,4,4,4,4,4,4,21,1,1,,1,UAE,0,student,0,3,1,0,0,1
427,0,EN,4,5,4,3,4,5,5,4,5,3,4,3,4,5,3,4.07,4,2,5,5,5,4,4,4,5,,5,3,5,5,5,4.36,5,2,4,5,5,4,2,4,3,3,5,5,4,5,3,3.93,5,,4,2,4,5,4,5,4,5,3,3,4,3,3,3.86,21,1,2,1,,UAE,0,student,0,-99,0,0,0,0
436,1,EN,5,5,5,5,5,5,5,5,5,5,5,5,5,5,5,5,5,5,5,5,5,5,5,5,5,,5,5,5,5,5,5,5,5,5,5,5,5,5,5,5,5,5,5,5,5,5,5,5,,5,5,5,5,5,5,5,5,5,5,5,5,5,5,18,1,2,1,,UAE,0,student,0,,,0,0,0
436,1,EN,2,3,2,2,2,2,3,2,3,3,1,1,4,1,3,2.27,1,4,2,4,2,1,5,1,1,,3,2,2,3,4,2.5,3,4,3,2,2,4,2,4,2,2,5,2,3,4,3,3,3,,4,2,4,4,3,2,5,2,2,2,3,3,4,3.07,,0,1,,1,UAE,0,job,1,,,0,0,0
440,1,EN,1,1,1,1,1,1,1,1,1,1,1,1,1,1,1,1,1,1,1,1,1,1,1,1,1,,1,1,1,1,1,1,4,5,5,4,4,4,5,5,4,4,4,4,4,4,5,4.33,5,,4,5,4,4,4,5,5,5,4,5,4,4,4,4.43,,0,2,1,,non-UAE,1,job,1,,,0,0,0
441,1,EN,3,3,5,5,5,5,5,5,5,5,5,5,5,5,3,4.6,3,3,5,3,5,5,5,5,5,,5,3,5,5,5,4.43,5,5,5,5,5,5,5,5,5,5,5,5,5,5,5,5,5,,5,5,5,5,5,5,5,5,5,5,5,5,5,5,21,1,2,1,,UAE,0,student,0,4,1,1,0,1
443,1,EN,5,5,5,5,5,5,5,5,5,5,5,5,5,5,5,5,5,5,1,5,5,5,5,5,5,,5,5,5,1,5,4.43,5,5,5,5,5,5,5,5,5,5,5,5,5,5,5,5,5,,5,5,5,5,5,5,5,5,5,5,5,5,5,5,19,1,2,1,,UAE,0,student,0,1,1,1,0,1
443,1,EN,2,2,3,1,2,3,3,3,2,2,4,2,2,3,4,2.53,5,2,2,5,4,5,4,2,5,,3,5,2,3,5,3.71,5,4,3,3,3,4,3,4,4,3,3,4,4,3,4,3.6,5,,4,4,4,5,4,4,4,3,4,4,3,4,5,4.07,,0,1,,1,UAE,0,student,0,2,1,0,0,0
451,1,EN,5,5,5,5,5,5,5,5,5,5,5,5,5,5,5,5,5,5,5,5,5,5,5,5,5,,5,5,5,5,5,5,5,5,5,5,5,5,5,5,5,5,5,5,5,5,5,5,5,,5,5,5,5,5,5,5,5,5,5,5,5,5,5,20,1,2,1,,UAE,0,job,1,0.6,1,1,0,1
458,1,EN,5,3,5,3,5,5,4,3,5,5,5,1,3,3,3,3.87,5,3,5,3,3,5,3,1,2,,3,3,4,1,5,3.29,5,5,3,5,3,3,5,3,5,3,3,3,3,3,3,3.67,3,,5,3,3,3,4,3,5,5,2,5,3,3,4,3.64,19,1,2,1,,UAE,0,student,0,2,1,1,0,1
472,1,EN,5,4,4,3,4,4,4,4,4,5,4,4,4,5,4,4.13,5,5,5,5,5,5,5,4,4,,5,4,4,5,5,4.71,5,5,4,5,5,5,5,5,4,5,4,4,4,4,4,4.53,4,,5,4,5,5,5,4,5,5,4,4,4,5,4,4.5,23,0,2,1,,UAE,0,job,1,1,1,1,0,0
475,0,EN,4,3,3,4,3,3,4,4,3,3,3,3,4,3,4,3.4,3,4,3,3,3,3,3,3,3,,4,3,3,3,5,3.29,4,4,5,5,5,4,4,3,4,5,5,4,5,5,4,4.4,4,,5,5,5,3,5,4,3,5,4,5,4,5,4,4.36,,0,,,,non-UAE,1,job,1,,,0,0,0
479,1,EN,5,3,5,5,5,5,5,4,5,5,5,3,5,3,4,4.47,5,5,1,5,5,5,2,2,3,,4,5,5,2,4,3.79,5,5,5,5,5,5,5,5,5,5,5,5,5,5,5,5,5,,5,5,5,5,5,5,5,5,5,5,5,5,4,4.93,20,1,2,1,,UAE,0,student,0,-99,0,0,0,0
485,1,EN,1,3,3,3,3,1,3,3,1,1,1,3,3,3,4,2.4,3,1,3,1,3,3,3,3,3,,3,3,3,1,1,2.43,5,5,5,5,5,5,5,5,5,5,5,4,5,5,5,4.93,5,,5,5,5,5,5,5,5,5,5,5,5,5,5,5,,0,1,,1,non-UAE,1,job,1,,,0,0,0
494,1,EN,1,1,3,3,2,1,1,3,3,3,3,4,3,5,5,2.73,5,4,1,2,3,3,1,1,5,,3,1,1,5,3,2.71,5,5,4,4,4,3,3,4,4,5,2,4,4,5,4,4,3,,2,1,3,5,4,3,2,5,5,4,2,3,3,3.21,19,1,2,1,,UAE,0,job,1,,,0,0,0
497,1,EN,5,4,3,2,2,4,4,2,3,4,3,3,3,4,3,3.27,4,5,3,4,4,4,3,4,5,,5,5,3,4,3,4,5,5,4,3,5,2,2,4,4,4,3,4,3,1,5,3.6,4,,2,1,3,2,3,5,5,3,5,3,2,5,1,3.14,18,1,1,,1,non-UAE,1,student,0,-99,0,0,0,0
498,1,EN,3,3,4,4,3,1,1,2,1,1,1,2,4,1,4,2.33,5,2,3,2,4,4,1,1,5,,3,1,1,4,5,2.93,1,1,1,5,5,1,3,1,1,1,1,1,5,1,4,2.13,5,,1,1,4,1,1,1,5,5,1,1,5,1,5,2.64,,0,2,1,,UAE,0,job,1,3,1,1,0,0
499,1,EN,5,5,5,5,5,5,5,5,5,5,4,5,5,4,5,4.87,5,5,5,5,5,5,5,5,5,,5,1,5,5,5,4.71,5,2,3,5,1,1,1,2,5,5,1,1,4,3,5,2.93,5,,1,5,3,5,2,4,2,3,3,5,5,1,5,3.5,18,1,2,1,,UAE,0,job,1,1,1,1,0,1
502,1,EN,5,5,5,5,5,5,5,5,5,5,5,5,5,5,5,5,5,5,5,5,5,5,5,5,5,,5,5,5,5,5,5,5,5,5,5,5,5,5,5,5,5,5,5,5,5,5,5,5,,5,5,5,5,5,5,5,5,5,5,5,5,5,5,,0,1,,1,UAE,0,job,1,10,1,0,0,0
503,1,EN,5,5,5,5,5,5,5,5,5,5,4,5,5,5,5,4.93,5,5,5,5,5,5,5,5,5,,5,5,5,5,5,5,5,5,5,5,5,5,5,4,5,5,5,5,4,5,5,4.87,5,,3,5,4,5,5,5,5,5,4,3,5,5,5,4.57,,0,3,,,non-UAE,1,job,1,,,0,0,0
505,1,EN,3,3,3,3,3,5,3,3,4,2,4,4,3,5,3,3.4,5,3,3,4,4,4,4,3,4,,3,3,2,3,3,3.43,4,5,5,3,4,3,4,4,4,5,3,3,4,4,4,3.93,5,,3,3,4,3,4,4,4,4,4,4,3,3,4,3.71,19,1,2,1,,UAE,0,student,0,-99,0,0,0,0
513,1,EN,5,5,3,3,5,5,3,5,5,3,3,3,3,5,5,4.07,3,5,5,3,5,3,4,3,5,,3,3,4,5,5,4,5,5,5,5,5,5,3,5,4,5,5,5,5,5,5,4.8,5,,5,5,5,5,5,4,5,5,5,3,5,5,5,4.79,26,0,1,,1,UAE ,1,job,1,8,1,0,1,0
519,1,EN,5,5,5,5,5,5,5,5,5,5,5,5,5,5,5,5,5,5,5,5,5,5,5,5,5,,5,5,5,5,5,5,5,5,5,5,5,5,5,5,5,5,5,5,5,5,5,5,5,,5,5,5,5,5,2,5,5,5,5,5,4,5,4.71,20,1,2,1,,UAE,0,student,0,3,1,1,0,1
519,1,EN,5,5,5,5,5,5,5,5,5,5,5,5,5,5,5,5,5,5,5,5,5,5,5,5,5,,5,5,5,5,5,5,5,5,5,5,5,5,5,5,5,5,5,5,5,5,5,5,5,,5,5,5,5,5,5,5,5,5,5,5,5,5,5,36,0,1,,1,non-UAE,1,student,0,15,1,0,0,0
523,1,EN,5,5,5,5,5,5,5,5,5,5,5,5,5,5,5,5,5,5,5,5,5,5,5,5,5,,5,5,5,5,5,5,5,5,5,5,5,5,3,5,5,5,5,5,5,5,5,4.87,5,,5,5,5,5,3,5,5,5,5,2,5,5,5,4.64,,0,1,,1,UAE,0,student,0,1,1,0,0,0
527,1,EN,5,5,5,5,5,5,5,5,5,5,5,5,5,5,5,5,5,5,5,5,5,5,5,5,5,,5,5,5,5,5,5,4,5,5,4,5,5,5,4,5,5,5,5,4,5,5,4.73,5,,4,5,5,5,5,4,5,5,5,5,5,5,5,4.86,19,1,2,1,,UAE,0,student,0,-99,0,0,0,0
529,1,EN,5,5,5,5,5,5,5,5,5,5,5,5,5,5,5,5,5,5,5,5,5,5,5,5,5,,5,5,5,5,5,5,5,5,5,4,5,5,5,5,5,5,5,5,5,5,5,4.93,5,,5,5,5,5,5,5,5,5,5,5,5,5,5,5,19,1,2,1,,UAE,0,job,1,2,1,1,0,1
532,1,EN,5,5,5,5,5,5,4,5,5,5,5,5,5,5,5,4.93,5,5,5,5,5,5,5,5,5,,4,4,5,5,5,4.86,5,5,5,5,5,5,5,5,5,5,5,5,5,5,5,5,5,,5,5,5,4,3,5,5,5,5,2,5,5,5,4.57,18,1,2,1,,UAE,0,student,0,1,1,1,0,1
536,1,EN,5,3,2,3,4,5,3,5,5,3,4,4,5,2,5,3.87,3,3,3,2,4,5,1,3,3,,4,2,4,4,5,3.29,5,4,4,4,4,5,5,4,5,4,5,5,4,5,5,4.53,4,,4,4,5,5,4,5,4,5,4,5,4,5,5,4.5,19,1,1,,1,non-UAE,1,job,1,2,1,0,1,1
537,1,EN,5,5,4,5,4,4,5,5,4,5,4,5,5,4,4,4.53,5,5,5,5,5,5,3,5,5,,5,3,4,2,5,4.43,5,4,5,5,5,4,5,5,5,4,5,5,5,5,5,4.8,5,,4,4,4,5,4,5,5,5,5,5,5,4,5,4.64,19,1,2,1,,UAE,0,job,1,-99,0,0,0,0
544,1,EN,5,5,5,5,4,5,5,5,5,5,5,5,5,5,3,4.8,4,3,5,3,5,3,5,5,5,,5,4,5,5,5,4.43,5,5,5,5,4,5,4,3,5,5,5,5,5,5,5,4.73,5,,5,5,5,5,5,4,5,5,4,4,5,5,4,4.71,18,1,2,1,,UAE,0,student,0,0.2,1,1,0,1
545,1,EN,5,5,5,5,5,5,5,5,5,5,5,5,5,5,5,5,5,5,5,5,5,5,5,5,5,,5,5,5,5,5,5,5,5,5,5,5,5,5,4,5,5,5,5,5,5,5,4.93,5,,5,5,5,4,5,5,5,5,4,5,5,5,5,4.86,23,0,1,,1,UAE,0,student,0,3,1,0,0,0
547,1,EN,5,5,5,5,5,5,5,5,5,5,5,5,5,5,5,5,5,5,5,5,5,5,5,5,5,,5,5,5,5,5,5,5,5,5,5,5,5,5,5,5,5,5,5,5,5,5,5,5,,5,5,5,5,5,5,5,5,5,5,5,5,5,5,20,1,2,1,,UAE ,1,student,0,2,1,1,0,1
554,1,EN,5,5,5,5,5,5,5,5,5,5,5,5,5,5,5,5,5,5,5,5,5,5,5,1,5,,5,5,5,5,5,4.71,5,5,5,5,5,5,5,5,5,5,5,5,5,5,5,5,5,,5,5,5,5,5,5,5,5,5,5,5,5,5,5,19,1,,,,non-UAE,1,job,1,-99,0,0,0,0
558,1,EN,5,5,5,4,5,5,5,5,5,5,5,4,5,5,5,4.87,5,5,5,5,5,5,5,4,5,,5,5,5,5,5,4.93,4,4,4,5,5,5,5,4,4,5,5,3,4,3,5,4.33,5,,4,5,3,2,5,2,5,3,4,5,3,5,5,4,19,1,2,1,,UAE ,1,job,1,2,1,1,1,1
563,1,EN,5,3,1,3,3,5,4,2,1,2,5,1,5,5,5,3.33,5,4,5,5,5,5,1,5,5,,5,1,5,5,5,4.36,5,5,5,2,4,5,2,2,5,4,2,4,1,4,3,3.53,4,,4,4,5,5,5,5,3,5,5,2,5,5,5,4.43,19,1,2,1,,UAE ,1,student,0,2,1,1,0,1
565,1,EN,5,5,5,5,5,5,5,5,5,5,5,5,5,5,5,5,5,5,5,5,5,5,5,5,5,,5,5,5,5,5,5,5,5,5,5,5,5,5,5,5,5,5,5,5,5,5,5,5,,5,5,5,5,5,5,5,5,5,5,5,5,5,5,20,1,1,,1,UAE ,1,student,0,2,1,0,0,1
569,1,EN,1,5,5,5,5,5,5,5,5,5,5,5,5,5,5,4.73,5,5,5,5,5,5,5,5,5,,5,5,5,5,5,5,5,5,5,5,5,5,5,5,5,5,5,5,5,5,5,5,5,,5,5,5,5,5,5,5,5,5,5,5,5,5,5,19,1,2,1,,UAE ,1,student,0,0.5,1,1,0,1
580,1,EN,5,5,5,5,5,5,5,5,5,5,5,5,5,5,5,5,5,5,5,5,5,5,5,5,5,,5,5,5,5,5,5,5,5,5,5,5,5,5,5,5,5,5,5,5,5,5,5,5,,5,5,5,5,5,5,5,5,5,5,5,5,5,5,22,0,1,,1,UAE ,1,job,1,4,1,0,1,0
590,1,EN,5,3,5,5,5,5,5,5,2,5,5,5,5,5,3,4.53,5,5,3,1,3,5,5,3,5,,5,4,4,3,5,4,5,5,4,4,5,3,4,5,5,5,5,5,5,5,5,4.67,4,,5,4,4,3,4,4,4,4,4,4,3,5,4,4,21,1,2,1,,UAE,0,job,1,3,1,1,0,1
593,1,EN,5,4,5,4,3,4,4,3,5,3,5,5,5,3,4,4.13,3,5,5,3,4,3,5,5,4,,5,5,3,4,4,4.14,4,5,5,4,4,5,5,5,4,4,4,4,4,4,4,4.33,4,,4,5,4,5,4,4,4,5,4,3,4,4,5,4.21,22,0,1,,1,UAE ,1,student,0,5,1,0,0,0
599,1,EN,5,5,5,5,5,5,5,5,5,4,5,5,5,5,5,4.93,5,5,5,5,5,5,3,5,5,,5,5,5,5,5,4.86,5,5,5,5,5,5,5,5,5,5,5,5,5,5,5,5,5,,5,5,5,5,4,5,5,5,5,5,5,4,5,4.86,22,0,2,1,,UAE ,1,job,1,1,1,1,1,0
600,1,EN,5,5,5,5,5,5,5,5,5,5,5,5,5,5,5,5,5,5,5,5,5,5,5,5,5,,5,5,5,5,5,5,5,5,5,5,5,5,5,5,5,5,5,5,5,5,5,5,5,,5,5,5,5,5,5,5,5,5,5,5,5,5,5,21,1,2,1,,UAE,0,student,0,1,1,1,0,1
601,1,EN,5,3,5,5,5,5,5,4,5,5,5,4,5,5,4,4.67,5,5,4,5,5,4,2,3,4,,4,4,3,3,4,3.93,5,5,5,5,5,5,5,5,5,5,5,5,5,5,5,5,5,,5,5,5,5,5,5,5,5,5,5,5,5,5,5,22,0,2,1,,UAE ,1,student,0,-99,0,0,0,0
605,1,EN,3,1,3,3,4,3,2,3,3,2,2,5,2,3,3,2.8,5,3,2,2,3,2,2,2,2,,3,2,2,3,4,2.64,3,3,2,4,4,3,3,4,5,2,3,5,4,3,3,3.4,3,,2,2,4,3,1,4,3,4,2,3,3,3,3,2.86,31,0,2,1,,non-UAE,1,job,1,7,1,1,1,0
619,0,EN,1,4,4,3,4,4,4,3,4,3,3,3,3,4,4,3.4,4,4,3,3,4,4,4,3,4,,3,4,3,4,4,3.64,4,3,3,5,3,3,3,5,4,4,4,4,4,4,3,3.73,5,,3,4,5,4,1,4,3,5,4,4,3,2,5,3.71,18,1,2,1,,UAE ,1,student,0,1,1,1,0,1
621,1,EN,2,1,2,2,5,1,2,3,1,2,5,2,4,5,4,2.73,1,3,1,5,1,2,2,1,2,,1,3,5,1,5,2.36,3,2,4,1,3,2,4,1,4,4,2,1,5,4,4,2.93,5,,1,1,4,2,2,1,4,5,4,3,1,1,3,2.64,22,0,2,1,,UAE ,1,student,0,5,1,1,0,0
638,1,EN,3,5,2,5,1,1,1,1,1,1,1,1,1,1,1,1.73,4,1,5,5,3,1,1,4,1,,5,1,5,3,3,3,3,3,3,1,1,3,4,3,4,2,1,4,3,1,2,2.53,3,,3,4,4,1,2,3,3,3,3,3,3,3,2,2.86,26,0,2,1,,non-UAE,1,job,1,8,1,1,1,0
652,1,EN,5,5,3,5,3,5,3,3,5,5,5,2,3,4,5,4.07,4,5,3,4,4,4,4,4,4,,3,4,5,3,5,4,1,5,5,5,5,5,5,5,5,5,5,5,4,5,5,4.67,5,,5,5,5,5,4,4,5,5,5,4,4,4,5,4.64,20,1,2,1,,UAE,0,job,1,1,1,1,0,1
652,1,EN,3,3,3,3,3,3,3,3,3,3,3,3,3,3,3,3,3,3,3,3,3,3,3,3,3,,3,3,3,3,3,3,5,5,4,5,5,5,5,5,5,4,5,5,4,5,5,4.8,5,,5,5,5,5,1,5,5,5,5,5,4,5,4,4.57,19,1,1,,1,UAE ,1,student,0,3,1,0,0,1
653,1,EN,4,3,2,4,4,3,2,4,4,3,4,4,2,4,5,3.47,4,4,4,4,4,4,3,4,4,,4,4,4,4,5,4,4,3,3,3,4,2,4,2,4,4,2,4,4,4,4,3.4,4,,2,4,4,4,2,2,4,4,4,3,4,2,4,3.36,19,1,2,1,,UAE,0,student,0,1,1,1,0,1
654,1,EN,4,2,3,3,4,4,4,3,3,2,3,2,2,3,3,3,4,3,4,2,4,3,3,2,5,,2,2,3,1,4,3,4,4,4,4,3,3,4,2,3,2,3,4,2,4,3,3.27,4,,4,3,3,2,2,3,4,3,4,3,2,2,3,3,35,0,1,,1,non-UAE,1,job,1,8,1,0,1,0
665,1,EN,3,5,3,5,5,5,5,5,5,5,5,5,5,5,5,4.73,3,5,5,5,5,5,5,5,5,,5,5,5,2,5,4.64,5,4,5,4,4,5,5,3,5,5,4,5,5,5,4,4.53,5,,3,5,5,4,4,4,5,5,5,4,5,4,4,4.43,19,1,2,1,,UAE ,1,student,0,2,1,1,0,1
669,1,EN,4,3,5,1,4,3,4,3,3,2,1,3,1,1,2,2.67,4,5,3,3,5,4,3,5,4,,3,3,4,3,3,3.71,2,2,3,2,4,3,2,3,3,3,4,3,3,3,3,2.87,3,,2,4,3,3,3,4,3,2,3,2,4,3,5,3.14,25,0,1,,1,non-UAE,1,job,1,6,1,0,1,0
672,1,EN,3,4,3,3,3,3,3,3,4,3,2,3,4,3,4,3.2,3,4,4,4,4,3,4,3,3,,3,3,3,3,3,3.36,1,5,5,1,5,2,5,1,5,5,1,1,3,3,5,3.2,1,,1,1,5,5,1,1,1,1,1,1,4,4,2,2.07,18,1,2,1,,UAE ,1,job,1,1,1,1,1,1
673,1,EN,4,3,4,3,2,3,3,3,4,3,3,2,3,3,2,3,5,5,4,4,3,5,1,2,5,,5,4,3,1,5,3.71,5,4,4,3,5,4,4,4,3,3,4,3,3,5,4,3.87,5,,3,4,5,5,1,4,5,3,5,4,3,1,3,3.64,25,0,1,,1,non-UAE,1,job,1,4,1,0,1,0
684,1,EN,5,3,3,3,3,3,3,3,3,3,3,3,3,4,4,3.27,3,3,3,4,3,5,4,3,3,,5,3,3,3,5,3.57,4,4,4,4,4,4,4,4,4,4,4,4,4,4,4,4,4,,4,4,4,4,4,4,4,4,4,4,4,4,4,4,22,0,2,1,,UAE ,1,student,0,2,1,1,0,0
685,1,EN,5,4,5,4,5,5,5,5,5,5,5,5,5,5,3,4.73,5,5,5,5,5,3,5,5,5,,5,5,5,5,5,4.86,5,5,3,5,5,5,5,3,5,5,5,5,5,5,5,4.73,5,,4,5,5,4,5,5,5,5,5,5,5,5,5,4.86,20,1,2,1,,UAE ,1,student,0,3,1,1,0,1
689,1,EN,5,4,5,3,4,4,5,5,5,4,3,4,5,3,4,4.2,5,5,5,5,4,5,5,5,5,,4,5,5,3,5,4.71,4,4,5,4,5,5,5,5,4,5,4,5,5,5,4,4.6,5,,4,5,5,5,5,5,5,5,5,5,5,5,5,4.93,21,1,2,1,,UAE,0,student,0,3,1,1,0,1
694,1,EN,4,5,5,5,5,5,5,4,5,5,5,4,5,5,5,4.8,5,5,5,5,5,5,3,4,5,,5,4,4,4,5,4.57,5,5,4,5,5,5,4,5,4,4,4,4,5,5,5,4.6,5,,5,5,5,5,3,5,5,5,5,5,5,4,5,4.79,,0,2,1,,UAE,0,student,0,-99,0,0,0,0
695,1,EN,3,5,3,5,4,5,4,3,3,5,4,3,3,5,5,4,5,4,5,5,5,5,5,3,5,,5,5,5,2,5,4.57,4,5,4,5,5,5,5,4,5,5,5,5,5,5,4,4.73,5,,4,5,5,4,5,5,5,5,5,4,3,5,5,4.64,21,1,2,1,,UAE,0,student,0,3,1,1,0,1
696,1,EN,5,3,3,3,2,2,3,2,2,2,2,2,2,4,3,2.67,5,5,3,5,5,5,5,2,5,,2,2,2,2,5,3.79,3,3,3,3,3,5,4,4,3,3,3,3,3,5,4,3.47,5,,3,5,5,5,5,3,5,5,4,5,3,3,5,4.36,22,0,2,1,,UAE,0,job,1,3,1,1,0,0
697,1,EN,5,5,5,5,5,5,5,5,5,5,5,5,5,5,5,5,5,5,5,5,5,5,5,5,5,,5,5,5,5,5,5,5,5,5,5,5,5,5,5,5,5,5,5,5,5,5,5,5,,5,5,5,5,5,5,5,5,5,5,5,5,5,5,19,1,2,1,,UAE,0,student,0,-0.75,0,0,0,0
709,1,EN,5,2,2,2,2,2,2,3,1,2,2,2,2,2,3,2.27,4,5,2,2,2,2,2,2,5,,2,2,2,2,4,2.71,3,3,3,3,3,3,3,3,3,2,3,3,3,3,3,2.93,4,,3,3,4,3,3,3,3,3,3,2,3,3,5,3.21,,0,2,1,,non-UAE,1,job,1,8,1,1,1,0
713,1,EN,5,5,5,5,5,5,5,5,5,5,5,5,5,5,5,5,5,5,5,5,5,5,5,5,5,,5,5,5,5,5,5,5,4,5,5,5,5,5,5,5,5,5,5,5,5,5,4.93,1,,5,5,5,5,2,1,5,5,5,1,3,5,5,3.79,22,0,2,1,,non-UAE,1,job,1,,,0,0,0
714,1,EN,5,5,5,5,5,5,5,3,5,5,5,3,5,5,5,4.73,5,5,5,5,4,5,5,4,5,,5,5,5,5,5,4.86,3,3,5,5,4,4,5,5,5,5,5,5,4,5,5,4.53,5,,5,4,5,5,5,5,5,5,5,3,4,4,5,4.64,19,1,2,1,,UAE ,1,student,0,1,1,1,0,1
716,1,EN,5,5,5,5,5,5,5,5,5,5,5,5,5,5,5,5,5,5,5,5,5,5,3,5,5,,5,5,5,5,5,4.86,5,5,5,5,5,5,5,5,5,5,5,5,5,5,5,5,5,,5,4,5,5,5,5,5,5,5,5,5,5,5,4.93,,0,1,,1,non-UAE,1,job,1,3,1,0,1,0
718,1,EN,2,5,1,1,2,1,5,2,3,1,5,1,2,3,2,2.4,5,3,2,3,5,4,1,1,2,,5,2,3,3,4,3.07,5,4,2,2,1,1,2,4,1,1,2,2,2,3,1,2.2,3,,1,2,4,5,1,2,4,3,4,3,3,2,4,2.93,19,1,2,1,,UAE ,1,job,1,1,1,1,1,1
718,1,EN,5,5,5,5,5,5,5,5,5,5,5,5,5,5,5,5,5,5,5,5,5,5,3,5,5,,5,5,5,5,1,4.57,5,5,5,5,5,5,5,5,5,5,5,5,5,5,5,5,5,,5,5,5,5,3,5,5,5,5,5,5,5,5,4.86,20,1,1,,1,UAE,0,job,1,2,1,0,0,1
719,1,EN,5,5,5,5,5,5,5,5,5,5,3,5,5,5,5,4.87,5,5,5,5,5,5,5,5,4,,5,5,5,5,5,4.93,5,5,5,5,5,5,4,5,5,5,5,5,5,5,5,4.93,5,,4,5,5,5,5,5,5,5,5,5,5,5,5,4.93,20,1,2,1,,UAE ,1,student,0,2,1,1,0,1
726,1,EN,5,3,3,3,2,3,4,3,3,2,4,2,2,4,5,3.2,4,4,3,3,2,3,2,3,5,,4,5,3,4,5,3.57,3,4,4,4,5,3,5,3,3,2,3,3,3,5,3,3.53,5,,3,4,4,4,2,3,5,5,4,3,2,2,5,3.64,23,0,2,1,,non-UAE,1,job,1,2,1,1,1,0
726,1,EN,5,5,4,4,5,5,4,4,5,5,5,4,5,4,5,4.6,4,5,4,5,4,5,5,5,4,,5,4,5,4,5,4.57,5,5,5,5,5,5,5,5,5,5,5,5,5,5,5,5,5,,5,5,5,5,5,5,5,5,5,5,5,4,5,4.93,20,1,2,1,,UAE ,1,student,0,-99,0,0,0,0
731,1,EN,4,5,4,4,5,5,2,2,2,2,4,5,4,1,5,3.6,5,5,4,4,3,4,4,1,5,,4,5,4,1,5,3.86,5,4,4,5,4,5,5,4,4,2,4,5,4,5,5,4.33,5,,4,5,4,1,2,2,5,4,4,2,5,4,5,3.71,18,1,2,1,,non-UAE,1,job,1,-99,0,0,0,0
739,1,EN,5,5,5,5,5,5,5,5,5,5,5,5,5,5,5,5,5,5,5,5,5,5,5,5,5,,5,5,5,4,5,4.93,5,4,4,4,4,4,4,4,4,5,4,5,4,4,4,4.2,5,,5,5,4,5,5,5,5,5,4,4,4,4,5,4.64,19,1,2,1,,non-UAE,1,student,0,-99,0,0,0,0
740,1,EN,5,5,4,5,4,4,5,4,5,4,5,3,4,5,5,4.47,5,5,3,3,5,5,4,4,4,,4,4,4,4,5,4.21,5,5,5,5,5,5,5,5,5,5,5,5,5,5,5,5,5,,5,5,5,5,5,5,5,5,5,5,5,5,5,5,19,1,1,,1,non-UAE,1,student,0,1,1,0,0,1
741,1,EN,5,5,5,4,4,5,4,4,5,5,5,5,5,5,5,4.73,5,3,4,4,4,5,5,5,5,,5,5,5,4,4,4.5,5,5,5,5,4,5,5,5,4,5,5,5,5,5,4,4.8,5,,4,5,5,4,5,5,5,5,5,5,4,5,5,4.79,20,1,2,1,,UAE ,1,student,0,1,1,1,0,1
761,1,EN,5,4,5,4,5,5,4,4,5,5,5,5,4,5,5,4.67,5,4,5,5,5,5,5,4,5,,5,5,4,5,5,4.79,4,5,5,5,5,5,5,5,5,5,5,5,5,5,5,4.93,5,,4,5,5,5,5,5,5,4,5,5,5,5,4,4.79,19,1,2,1,,non-UAE,1,student,0,-99,0,0,0,0
762,1,EN,5,5,5,5,5,5,5,5,5,5,5,5,5,5,5,5,5,5,5,5,5,5,5,4,5,,5,5,5,5,5,4.93,1,5,5,4,4,4,4,4,5,3,5,5,4,5,5,4.2,5,,5,5,4,4,3,2,4,4,5,4,4,4,4,4.07,31,0,1,,1,non-UAE,1,job,1,13,1,0,1,0
763,1,EN,4,1,3,4,2,4,2,4,2,5,2,2,3,3,2,2.87,5,5,4,4,5,4,5,4,5,,5,2,3,4,5,4.29,4,2,4,2,4,4,2,2,4,2,2,2,1,3,2,2.67,5,,4,4,3,3,3,2,4,4,4,3,4,3,5,3.64,20,1,2,1,,non-UAE,1,student,0,-99,0,0,0,0
770,1,EN,4,2,4,1,3,2,1,3,3,1,1,3,1,2,2,2.2,5,5,3,4,5,5,1,3,5,,5,1,3,2,5,3.71,3,3,4,1,2,4,3,2,4,2,1,3,1,5,3,2.73,5,,4,3,5,5,3,4,4,5,5,1,3,2,4,3.79,,0,2,1,,UAE,0,student,0,1,1,1,0,0
778,1,EN,4,3,5,4,4,3,5,3,2,3,2,3,3,3,5,3.47,4,3,3,3,3,2,3,3,3,,3,3,3,2,3,2.93,5,4,4,4,5,4,5,4,5,5,5,4,5,5,5,4.6,5,,4,4,4,4,4,4,4,4,4,4,4,4,4,4.07,,0,2,1,,UAE,0,student,0,-99,0,0,0,0
782,1,EN,5,4,4,3,2,1,1,4,2,3,1,2,3,4,4,2.87,5,4,3,5,5,4,5,1,1,,4,2,2,4,5,3.57,4,4,3,2,4,5,3,3,5,4,1,2,5,3,4,3.47,5,,3,2,4,3,4,2,2,4,3,5,1,3,3,3.14,19,1,2,1,,UAE,0,student,0,3,1,1,0,1
794,1,EN,5,4,3,3,4,3,2,3,3,1,2,3,4,2,3,3,4,4,2,5,3,4,4,3,3,,5,3,3,1,2,3.29,2,3,2,1,3,3,1,3,1,2,2,4,1,3,3,2.27,2,,5,5,5,4,4,5,4,5,4,1,3,3,3,3.79,,0,1,,1,non-UAE,1,job,1,22,1,0,1,0
801,1,EN,4,3,4,3,4,3,4,4,3,4,4,3,4,4,3,3.6,3,2,4,2,4,3,3,4,2,,3,3,4,4,3,3.14,4,2,3,4,4,3,3,2,3,3,3,2,2,3,3,2.93,4,,3,4,3,4,3,2,4,2,4,4,3,2,4,3.29,21,1,2,1,,UAE,0,student,0,-99,0,0,0,0
804,1,EN,5,5,5,5,5,5,5,5,5,5,5,5,5,5,5,5,5,5,5,5,5,5,5,5,5,,5,5,5,5,5,5,5,5,5,5,5,5,5,5,5,5,5,5,5,5,5,5,5,,5,5,5,5,5,5,5,5,5,5,5,5,5,5,19,1,2,1,,UAE ,1,job,1,,,0,0,0
804,1,EN,3,3,3,1,2,2,2,2,2,3,1,2,1,2,1,2,4,3,1,2,2,2,2,2,2,,5,2,2,2,5,2.57,2,2,2,4,2,4,2,2,2,2,3,2,2,2,2,2.33,4,,2,2,4,4,2,2,2,3,4,3,2,3,5,3,19,1,2,1,,UAE ,1,student,0,1.5,1,1,0,1
811,1,EN,4,3,3,4,4,3,4,2,3,4,3,4,2,4,4,3.4,4,4,4,4,4,4,3,4,4,,4,4,4,4,4,3.93,4,3,4,4,4,3,2,3,2,2,2,3,2,4,4,3.07,4,,4,4,4,4,2,4,2,4,4,2,2,2,4,3.29,20,1,2,1,,non-UAE,1,student,0,-99,0,0,0,0
815,0,EN,1,5,5,5,5,5,5,5,5,5,5,5,5,5,5,4.73,5,5,5,5,5,5,5,5,5,,5,2,5,5,5,4.79,5,5,5,5,5,5,4,5,5,5,5,5,5,5,5,4.93,5,,5,5,5,5,4,4,5,5,5,4,5,5,5,4.79,,0,,,,non-UAE,1,job,1,,,0,0,0
817,1,EN,5,5,3,3,3,4,4,2,3,4,4,3,5,5,3,3.73,5,4,5,2,3,5,2,2,5,,5,1,3,3,5,3.57,3,4,3,2,4,2,2,2,2,3,2,3,2,5,3,2.8,4,,2,2,5,4,3,2,5,2,5,2,2,2,5,3.21,,0,1,,1,UAE,0,student,0,1,1,0,0,0
820,1,EN,5,3,1,2,1,3,2,1,4,1,4,3,4,2,4,2.67,5,5,4,4,3,4,5,5,3,,4,5,1,3,4,3.93,4,5,4,3,2,4,5,3,4,5,4,4,1,4,5,3.8,5,,3,2,2,1,5,4,4,4,1,3,4,3,2,3.07,20,1,2,1,,non-UAE,1,job,1,2,1,1,1,1
822,1,EN,2,2,3,2,2,3,4,2,2,2,4,2,4,3,2,2.6,2,1,2,5,3,5,2,2,3,,5,2,4,2,5,3.07,4,2,3,2,3,2,4,3,3,3,3,5,1,5,2,3,4,,5,4,2,4,2,2,2,3,4,2,3,2,4,3.07,,0,1,,1,non-UAE,1,job,1,10,1,0,1,0
838,1,EN,4,4,5,5,4,5,5,4,4,5,5,3,5,4,4,4.4,5,5,5,5,5,3,3,5,5,,4,3,5,5,4,4.43,5,4,5,5,4,5,5,4,5,5,5,5,5,5,5,4.8,5,,4,5,5,5,4,5,5,5,5,5,5,4,5,4.79,18,1,2,1,,non-UAE,1,job,1,0.3,1,1,1,1
843,1,EN,3,4,3,4,4,2,3,3,3,4,2,3,3,4,4,3.27,5,5,2,2,2,5,3,4,3,,4,4,1,2,3,3.21,4,5,3,4,5,4,5,3,3,3,5,3,5,5,5,4.13,5,,4,5,5,5,3,2,3,4,5,4,2,2,3,3.71,,0,1,,1,non-UAE,1,job,1,14,1,0,1,0
845,1,EN,3,5,5,2,4,3,3,3,3,2,2,2,4,5,2,3.2,5,5,3,5,5,5,2,5,4,,3,5,5,5,4,4.36,4,4,5,1,4,1,2,2,1,3,1,2,1,4,3,2.53,5,,2,3,5,5,3,3,5,5,3,5,4,3,5,4,22,0,2,1,,non-UAE,1,job,1,5,1,1,1,0
849,1,EN,5,5,4,5,4,4,4,4,4,5,5,5,5,5,4,4.53,5,5,4,4,5,5,3,4,4,,5,5,4,5,5,4.5,5,5,5,5,5,5,5,5,5,5,5,5,5,5,5,5,5,,5,5,5,5,5,3,5,5,5,4,4,4,4,4.57,20,1,2,1,,UAE,0,student,0,-99,0,0,0,0
860,1,EN,3,3,5,4,5,4,3,4,5,4,4,5,4,4,4,4.07,5,5,5,5,4,5,5,4,5,,5,4,5,2,4,4.5,5,5,5,5,5,4,5,5,5,5,5,5,5,5,5,4.93,5,,5,5,5,5,5,5,5,5,5,4,5,5,5,4.93,19,1,2,1,,non-UAE,1,student,0,-99,0,0,0,0
862,1,EN,3,4,5,5,5,5,5,4,3,5,4,5,3,5,2,4.2,5,5,5,5,4,5,5,5,5,,5,5,4,5,5,4.86,4,4,5,4,5,5,5,5,5,4,5,4,4,4,5,4.53,4,,5,5,5,5,4,5,5,5,5,4,4,5,5,4.71,,0,2,1,,non-UAE,1,job,1,,,0,0,0
875,1,EN,5,5,5,5,5,5,5,5,5,5,5,5,5,5,5,5,5,5,5,5,5,5,5,5,5,,5,5,5,5,5,5,5,5,5,5,5,5,5,5,5,5,5,5,5,5,5,5,5,,5,5,5,5,4,5,5,5,5,5,5,5,5,4.93,36,0,1,,1,non-UAE,1,job,1,10,1,0,1,0
877,1,EN,5,3,3,2,2,4,3,2,4,2,3,3,2,3,3,2.93,5,3,3,4,5,3,2,3,4,,5,3,3,2,5,3.57,5,3,2,2,4,4,3,3,5,4,3,3,2,4,4,3.4,5,,3,5,4,4,2,3,5,4,4,2,3,4,5,3.79,22,0,2,1,,UAE,0,student,0,4,1,1,0,0
879,1,EN,5,5,5,1,1,2,4,4,1,3,5,2,5,5,5,3.53,5,5,4,5,5,5,5,2,5,,5,5,5,4,5,4.64,4,2,5,1,3,1,3,4,3,4,2,3,5,5,3,3.2,5,,5,5,5,5,4,3,5,5,5,3,3,1,5,4.21,19,1,2,1,,non-UAE,1,student,0,-99,0,0,0,0
883,0,EN,5,5,5,5,5,5,5,4,4,4,4,5,4,5,4,4.6,5,5,5,5,4,5,2,4,5,,5,4,4,3,5,4.36,5,5,5,4,5,4,4,4,5,4,4,4,5,5,4,4.47,5,,5,4,5,5,2,5,5,5,5,4,5,3,5,4.5,,0,,,,non-UAE,1,job,1,,,0,0,0
891,1,EN,5,5,4,5,5,5,5,4,5,4,4,4,5,5,5,4.67,3,4,4,5,5,4,4,4,5,,3,4,4,3,5,4.07,4,4,4,5,5,4,4,4,4,4,5,4,5,4,5,4.33,5,,4,5,5,4,5,5,5,5,4,4,4,3,5,4.5,25,0,1,,1,UAE ,1,job,1,7,1,0,1,0
911,1,EN,1,2,1,1,2,5,1,2,1,3,1,2,2,4,2,2,4,4,1,4,2,4,1,1,4,,2,3,1,2,4,2.64,3,2,3,3,4,1,2,3,2,1,3,3,2,3,3,2.53,5,,2,2,5,3,2,2,4,1,2,2,2,3,4,2.79,,0,1,,1,non-UAE,1,job,1,6,1,0,1,0
945,1,EN,1,5,5,5,5,2,5,5,5,5,4,2,3,1,5,3.87,5,2,3,5,2,5,5,2,5,,5,4,5,4,5,4.07,1,3,5,5,2,4,2,4,5,4,4,5,4,5,4,3.8,5,,3,5,5,4,5,3,4,5,4,5,5,4,5,4.43,20,1,2,1,,UAE,0,student,0,,,0,0,0
963,1,EN,5,3,4,5,5,5,2,5,3,1,5,5,1,5,5,3.93,5,3,5,2,5,5,5,5,5,,5,4,5,5,5,4.57,5,5,4,5,2,2,1,5,4,1,1,5,5,2,5,3.47,5,,5,5,2,5,3,5,5,4,5,5,4,4,5,4.43,,0,2,1,,non-UAE,1,student,0,-99,0,0,0,0
965,1,EN,2,2,2,3,4,4,4,4,3,4,4,5,4,5,2,3.47,5,5,4,5,5,5,5,4,5,,5,5,4,4,5,4.71,5,5,2,2,4,4,4,5,4,4,3,4,4,5,4,3.93,5,,5,4,5,5,5,4,5,5,5,5,4,4,5,4.71,20,1,2,1,,non-UAE,1,student,0,-99,0,0,0,0
966,1,EN,5,5,5,5,4,5,5,5,5,5,5,5,5,5,5,4.93,5,5,5,5,5,5,5,4,5,,5,4,3,4,5,4.64,5,5,5,5,5,5,4,5,5,5,5,4,5,5,5,4.87,5,,5,5,4,5,5,5,5,5,5,5,3,4,5,4.71,20,1,2,1,,non-UAE,1,student,0,2,1,1,0,1
972,1,EN,5,4,5,5,2,5,5,5,4,3,5,5,4,5,5,4.47,5,5,4,4,5,5,3,3,5,,5,4,5,2,5,4.29,5,5,5,4,5,3,5,5,2,3,4,5,5,5,4,4.33,5,,4,4,5,1,1,2,5,5,4,2,4,5,3,3.57,23,0,2,1,,Uae,0,job,1,6,1,1,0,0
989,1,EN,3,3,3,3,3,3,3,3,3,3,3,3,3,3,3,3,3,3,3,3,3,3,3,3,3,,3,3,3,3,3,3,3,3,3,3,3,3,3,3,3,3,3,3,3,3,3,3,3,,3,3,3,3,3,3,3,3,3,3,3,3,3,3,22,0,2,1,,non-UAE,1,job,1,1,1,1,1,0
1019,1,EN,5,5,5,5,5,5,5,5,4,4,5,5,5,4,5,4.8,5,5,5,5,5,5,3,5,5,,5,4,5,5,5,4.79,5,5,5,5,5,5,5,5,4,5,5,5,5,3,5,4.8,5,,5,4,5,5,3,4,5,5,5,4,5,4,5,4.57,30,0,2,1,,UAE,0,job,1,12,1,1,0,0
1021,1,EN,2,3,4,3,4,2,3,3,4,3,2,3,2,2,3,2.87,2,3,4,4,5,4,1,4,3,,5,3,2,1,4,3.21,4,4,3,4,3,3,4,3,4,3,3,4,3,3,3,3.4,5,,2,5,5,3,3,1,2,2,5,3,3,4,2,3.21,20,1,2,1,,UAE,0,job,1,2,1,1,0,1
1022,1,EN,2,3,3,2,3,3,2,2,2,3,2,3,2,2,3,2.47,3,2,2,2,2,2,2,3,3,,3,3,2,3,3,2.5,3,3,3,4,3,4,4,4,3,3,3,4,3,4,3,3.4,3,,3,3,4,3,4,2,3,3,3,3,3,3,3,3.07,20,1,2,1,,non-UAE,1,job,1,,0,0,0,0
1030,1,EN,5,3,4,3,5,3,5,5,4,5,4,5,3,5,5,4.27,3,5,5,3,5,5,2,3,5,,5,4,3,4,5,4.07,5,4,4,5,5,4,5,5,5,4,3,4,3,5,4,4.33,5,,5,5,4,5,3,2,5,4,5,5,5,5,5,4.5,19,1,2,1,,UAE,0,student,0,1,1,1,0,1
1030,1,EN,5,4,5,3,2,5,1,1,1,5,4,5,3,4,2,3.33,5,3,1,5,4,5,4,5,4,,5,4,3,5,4,4.07,4,2,3,4,5,3,4,3,5,4,4,5,2,4,3,3.67,5,,5,3,5,4,1,4,5,4,4,5,4,5,5,4.21,19,1,2,1,,UAE,0,job,1,2,1,1,0,1
1043,1,EN,3,4,5,4,5,4,5,4,5,5,5,4,5,4,4,4.4,5,5,5,5,4,5,5,5,5,,5,4,5,4,5,4.79,5,5,5,5,5,5,5,5,5,5,5,4,4,4,5,4.8,5,,5,5,5,5,5,5,5,5,5,5,5,5,5,5,20,1,2,1,,non-UAE,1,job,1,,0,0,0,0
1061,1,EN,2,2,3,2,3,3,3,2,3,1,3,2,2,3,2,2.4,5,3,3,2,5,5,2,1,4,,4,2,1,2,5,3.14,4,4,4,4,4,5,4,4,4,4,4,4,4,5,4,4.13,4,,4,4,4,5,4,3,5,4,4,4,4,5,4,4.14,,0,2,1,,UAE ,1,job,1,11,1,1,1,0
1067,1,EN,5,5,5,4,5,5,5,4,5,3,5,5,2,5,1,4.27,5,5,5,5,5,5,4,5,2,,5,5,5,5,5,4.71,5,3,5,2,5,1,5,4,5,5,1,2,1,1,1,3.07,5,,5,5,3,4,1,2,1,4,4,4,5,4,5,3.71,22,0,2,1,,non-UAE,1,job,1,2,1,1,1,0
1073,0,EN,1,1,1,1,1,1,1,1,1,1,1,1,1,1,1,1,1,1,1,1,1,1,1,1,1,,1,1,1,1,1,1,5,5,5,1,5,5,5,1,5,5,5,5,1,5,5,4.2,5,,1,5,5,5,1,5,5,5,1,1,1,1,5,3.29,,0,,,,non-UAE,1,job,1,,,0,0,0
1079,1,EN,5,5,5,5,5,5,5,5,5,5,5,3,5,5,5,4.87,5,3,5,5,5,5,5,5,5,,5,5,5,5,5,4.86,5,3,3,1,5,4,5,5,3,5,1,2,1,5,2,3.33,2,,5,5,5,5,5,5,5,5,5,5,5,5,5,4.79,21,1,2,1,,UAE,0,job,1,3,1,1,0,1
1080,1,EN,5,5,5,5,2,5,1,5,2,4,5,4,5,1,2,3.73,5,5,3,5,5,5,2,2,5,,5,1,2,1,5,3.64,5,5,5,4,5,5,3,5,3,5,5,5,4,4,4,4.47,4,,1,4,5,4,5,1,5,4,4,4,5,1,5,3.71,19,1,2,1,,UAE,0,student,0,2,1,1,0,1
1090,1,EN,5,4,4,5,5,2,5,3,4,3,5,5,2,4,4,4,5,5,4,5,5,5,4,3,5,,5,5,5,2,5,4.5,5,4,4,4,4,4,4,3,3,4,3,3,3,5,3,3.73,5,,3,4,5,4,2,2,5,5,3,5,4,2,5,3.86,22,0,2,1,,non-UAE,1,student,0,4.5,1,1,0,0
1106,1,EN,4,1,3,2,1,4,1,3,3,1,1,3,3,4,1,2.33,5,4,2,3,4,5,5,1,4,,1,5,2,2,5,3.43,5,4,5,5,2,2,3,2,2,2,2,1,5,5,3,3.2,5,,4,5,5,5,1,1,5,5,5,2,5,1,4,3.79,20,1,2,1,,UAE,0,student,0,1,1,1,0,1
1114,1,EN,5,3,4,5,4,4,4,2,4,2,1,4,4,1,2,3.27,5,4,2,3,4,4,4,2,4,,5,5,5,2,5,3.86,5,1,3,3,3,4,4,3,5,2,2,3,4,4,3,3.27,5,,5,4,5,4,2,2,4,5,5,4,4,4,5,4.14,30,0,2,1,,non-UAE,1,student,0,15,1,1,0,0
1129,1,EN,4,2,1,1,2,3,1,1,3,1,1,1,3,4,1,1.93,5,2,1,5,5,5,3,1,5,,3,4,1,1,4,3.21,5,2,5,2,2,2,2,3,3,2,2,3,2,4,2,2.73,5,,1,4,4,5,1,1,5,4,5,4,1,3,5,3.43,22,0,1,,1,non-UAE,1,student,0,4,1,0,0,0
1167,1,EN,2,3,4,2,4,2,2,2,4,2,3,2,1,2,3,2.53,5,4,3,3,4,5,2,2,5,,5,3,2,2,5,3.57,4,2,4,1,3,3,4,3,3,2,5,2,2,4,2,2.93,4,,2,4,4,5,1,2,5,4,5,3,3,2,5,3.5,49,0,1,,1,non-UAE,1,job,1,20,1,0,1,0
1189,1,EN,5,2,4,1,1,5,1,3,2,1,1,1,2,5,1,2.33,5,4,1,5,5,4,3,1,4,,5,5,1,1,4,3.43,5,1,3,1,3,5,1,1,2,1,1,1,4,5,5,2.6,5,,3,5,5,5,3,1,5,5,5,5,5,1,5,4.14,20,1,1,,1,non-UAE,1,student,0,2,1,0,0,1
1222,1,EN,4,5,1,5,4,1,4,1,4,1,1,4,4,4,1,2.93,5,5,2,1,5,5,4,1,5,,1,4,1,1,4,3.14,5,4,1,5,4,1,5,1,1,1,2,1,1,5,2,2.6,5,,3,1,5,5,2,1,1,4,4,4,4,1,5,3.21,24,0,1,,1,non-UAE,1,student ,0,3,1,0,0,0
1251,1,EN,5,4,4,4,2,3,5,3,1,4,3,5,3,3,4,3.53,5,4,5,4,5,3,1,5,5,,2,2,2,3,4,3.57,5,5,4,3,2,5,3,5,4,4,4,4,2,4,4,3.87,5,,5,4,5,5,5,5,5,5,4,5,3,5,4,4.64,34,0,1,,1,UAE,0,job,1,18,1,0,0,0
1255,1,EN,4,3,2,1,4,4,4,4,1,3,1,4,1,5,3,2.93,5,4,5,5,5,5,4,5,5,,5,4,5,2,5,4.57,4,2,3,2,3,4,5,2,2,2,2,5,2,5,4,3.13,4,,4,4,5,4,4,4,5,2,5,4,5,3,4,4.07,,0,2,1,,non-UAE,1,student,0,1,1,1,0,0
1261,1,EN,5,3,4,4,5,3,5,3,5,3,5,5,1,5,4,4,5,5,1,5,5,5,1,1,5,,3,1,5,2,5,3.5,2,5,5,5,5,5,5,3,5,3,3,4,3,5,5,4.2,5,,3,5,5,5,3,1,5,5,5,1,4,1,5,3.79,21,1,2,1,,non-UAE,1,student,0,1,1,1,0,1
1267,1,EN,5,5,5,5,5,5,5,5,5,5,5,5,4,5,5,4.93,5,5,5,5,5,5,5,5,5,,5,5,4,5,5,4.93,5,4,4,5,5,5,5,5,5,5,5,5,4,5,5,4.8,5,,4,5,5,5,4,5,5,4,4,5,5,4,5,4.64,21,1,1,,1,UAE,0,student,0,2,1,0,0,1
1273,1,EN,5,5,5,5,5,5,5,5,5,5,5,5,5,5,5,5,5,5,5,5,5,5,5,5,5,,5,5,5,5,5,5,5,5,5,5,5,5,5,5,5,5,5,5,5,5,5,5,5,,5,2,5,5,4,4,5,5,5,5,5,5,5,4.64,19,1,2,1,,non-UAE,1,student,0,1,1,1,0,1
1305,1,EN,4,4,4,4,4,5,3,2,3,3,4,3,3,3,3,3.47,4,4,5,5,4,5,3,4,5,,5,5,4,4,5,4.43,4,3,3,4,4,5,4,3,3,3,3,3,4,3,4,3.53,4,,3,5,4,5,3,3,5,4,5,3,4,3,5,4,23,0,1,,1,UAE,0,student,0,5,1,0,0,0
1348,1,EN,3,3,3,3,3,3,3,3,3,3,3,3,3,3,3,3,3,3,3,3,3,3,3,3,3,,3,3,3,3,3,3,3,1,2,1,1,2,1,2,2,1,1,1,2,2,1,1.53,3,,1,3,3,3,3,1,4,4,2,4,1,1,2,2.5,35,0,2,1,,UAE,0,job,1,10,1,1,0,0
1373,1,EN,4,4,4,4,3,4,1,3,3,4,3,3,2,4,3,3.27,3,4,4,3,4,3,3,4,3,,4,4,4,4,3,3.57,3,3,4,4,5,5,4,5,4,4,5,4,4,4,4,4.13,4,,5,5,5,5,3,4,4,4,4,3,4,2,5,4.07,23,0,1,,1,UAE,0,job,1,5,1,0,0,0
1392,0,EN,5,5,5,5,5,5,5,5,5,5,5,5,5,5,5,5,5,5,5,5,5,5,5,5,5,,5,5,5,5,5,5,5,5,5,5,5,5,5,5,5,5,5,5,5,5,5,5,5,,5,5,5,5,5,5,5,5,5,5,5,5,5,5,,0,,,,non-UAE,1,job,1,,,0,0,0
1414,1,EN,5,3,3,3,3,4,3,3,4,3,3,3,3,4,2,3.27,5,5,2,4,5,5,4,2,5,,5,5,3,3,5,4.14,5,4,4,4,5,5,5,4,4,4,3,3,3,4,3,4,5,,4,5,5,5,3,3,5,5,5,4,4,4,5,4.43,,0,1,,1,non-UAE,1,job,1,10,1,0,1,0
1430,1,EN,5,5,5,5,5,5,5,5,5,5,5,5,5,5,5,5,5,5,5,5,5,5,2,5,5,,5,5,5,4,5,4.71,5,5,5,5,5,5,5,5,5,5,5,5,5,5,5,5,5,,5,5,5,5,2,3,5,5,5,5,5,4,5,4.57,32,0,2,1,,UAE,0,job,1,11,1,1,0,0
1458,1,EN,5,5,4,4,4,4,3,2,4,4,4,3,3,4,3,3.73,5,5,3,3,5,5,5,3,5,,4,3,3,3,4,4,5,4,4,3,3,3,4,3,3,4,4,2,3,5,4,3.6,5,,2,4,5,5,4,3,4,5,4,3,2,3,5,3.86,20,1,1,,1,UAE,0,student,0,2,1,0,0,1
1459,1,EN,4,4,3,3,3,3,4,3,3,3,3,5,3,5,3,3.47,5,5,5,5,4,5,3,5,5,,5,3,3,4,5,4.43,4,4,4,3,5,3,3,3,1,4,4,5,3,4,5,3.67,5,,4,4,4,5,2,5,4,4,5,4,1,4,5,4,19,1,2,1,,UAE,0,job,1,1,1,1,0,1
1501,1,EN,5,2,5,5,5,5,5,1,5,5,2,5,5,5,5,4.33,5,5,2,5,5,5,5,2,5,,2,5,2,5,2,3.93,5,5,5,5,5,5,5,5,5,5,5,5,5,5,5,5,5,,1,5,5,1,5,1,5,5,5,1,5,5,5,3.86,23,0,1,,1,non-UAE,1,job,1,2,1,0,1,0
1530,1,EN,3,5,4,3,4,3,3,4,3,2,4,4,4,4,4,3.6,3,5,4,4,5,5,4,4,5,,3,5,3,4,4,4.14,5,4,3,4,4,3,3,3,3,2,4,4,4,4,4,3.6,5,,3,4,3,4,5,3,5,4,4,4,4,4,5,4.07,23,0,2,1,,UAE,0,student,0,6,1,1,0,0
1551,1,EN,5,5,4,2,3,4,5,2,2,4,1,2,4,5,4,3.47,5,5,3,5,5,5,3,3,5,,5,5,4,3,5,4.36,5,4,4,3,4,3,3,5,1,3,2,1,2,5,4,3.27,5,,2,5,5,5,3,2,5,2,5,5,4,3,5,4,31,0,2,1,,UAE,0,job,1,12,1,1,0,0
1586,1,EN,3,4,4,3,3,3,4,3,4,4,4,4,3,4,4,3.6,3,3,3,4,4,4,4,4,3,,4,4,3,4,3,3.57,3,1,3,2,4,4,3,4,3,3,4,4,4,4,3,3.27,4,,3,3,4,1,3,3,5,3,3,2,3,2,4,3.07,26,0,2,1,,UAE,0,student,0,8,1,1,0,0
1607,1,EN,5,5,5,5,5,5,5,5,5,5,5,5,5,5,5,5,5,5,5,5,5,5,3,5,5,,5,5,5,5,5,4.86,5,5,5,5,5,5,5,5,5,5,5,5,5,5,3,4.87,5,,5,5,5,5,3,3,5,5,5,5,5,5,5,4.71,25,0,2,1,,UAE,0,student,0,-99,0,0,0,0
1642,1,EN,5,5,5,5,5,2,5,5,2,5,5,2,2,5,2,4,5,5,5,5,5,2,2,5,5,,5,5,5,2,5,4.36,4,5,4,5,5,5,5,5,4,5,4,5,4,5,5,4.67,5,,5,5,5,4,5,4,5,5,5,5,5,4,5,4.79,23,0,1,,1,UAE,0,job,1,3,1,0,0,0
1729,1,EN,5,3,5,3,4,4,4,3,4,5,4,4,5,3,5,4.07,4,4,5,5,4,5,5,4,4,,5,4,4,5,5,4.5,4,5,5,5,4,5,4,5,5,4,4,5,5,3,4,4.47,4,,4,4,4,5,5,3,5,4,4,4,4,4,5,4.21,,0,2,1,,UAE,0,student,0,2,1,1,0,0
1745,1,EN,5,5,5,5,5,5,4,4,4,4,5,5,3,4,5,4.53,5,5,4,5,5,5,5,4,4,,5,5,5,4,5,4.71,4,4,5,5,5,4,5,3,5,5,4,5,3,4,5,4.4,5,,5,5,5,4,5,4,4,5,5,4,5,3,5,4.57,19,1,1,,1,Uae,0,student,0,1,1,0,0,1
3215,1,EN,5,5,5,5,5,5,5,5,5,5,5,5,5,5,5,5,5,5,5,5,5,5,3,5,5,,5,5,5,5,5,4.86,5,5,5,5,5,5,5,5,5,5,5,5,5,5,5,5,5,,4,5,5,5,2,4,5,5,5,5,5,5,5,4.64,19,1,2,1,,Uae,0,job,1,1,1,1,0,1
3428,1,EN,5,3,4,3,5,4,2,3,2,3,3,4,3,4,4,3.47,5,3,2,5,4,5,5,2,4,,5,4,3,2,5,3.86,4,3,4,3,5,4,4,4,3,4,4,4,3,4,3,3.73,5,,3,3,2,4,2,4,3,3,2,5,4,3,5,3.43,21,1,2,1,,UAE,0,student,0,-99,0,0,0,0
3934,1,EN,5,5,5,5,5,5,5,5,5,5,5,5,5,5,5,5,5,5,5,5,5,5,5,5,5,,5,5,5,5,5,5,5,5,5,5,5,5,5,5,5,5,5,5,5,5,5,5,5,,5,5,5,5,4,5,5,5,5,5,5,5,5,4.93,18,1,2,1,,UAE,0,student,0,-99,0,0,0,0
7338,1,EN,5,5,5,5,5,3,5,5,3,5,4,5,3,5,5,4.53,5,5,5,5,5,5,5,3,5,,5,4,3,5,5,4.64,4,3,3,1,5,3,3,3,3,3,3,3,1,1,1,2.67,3,,3,4,3,4,4,3,5,3,3,3,2,3,5,3.43,24,0,2,1,,UAE,0,student,0,-99,0,0,0,0
49693,1,EN,2,1,1,1,2,2,2,2,2,1,2,1,2,4,2,1.8,2,3,2,4,2,5,5,1,3,,4,4,3,1,4,3.07,4,3,2,1,3,2,2,3,1,3,3,2,1,2,2,2.27,4,,1,4,3,4,4,1,4,4,2,4,2,1,4,3,23,0,2,1,,UAE,0,student,0,-99,0,0,0,0
77283,1,EN,5,3,3,3,5,3,5,2,2,4,4,5,3,5,5,3.8,3,3,3,3,3,1,4,3,2,,1,3,3,1,3,2.57,3,2,1,3,5,3,5,4,4,3,4,5,3,3,4,3.47,4,,1,3,3,1,3,1,3,4,3,3,3,1,3,2.57,21,1,2,1,,UAE,0,student,0,3,1,1,0,1
83795,0,EN,4,5,4,4,4,4,4,5,5,4,5,4,4,3,5,4.27,5,4,5,5,5,5,3,4,5,,4,4,4,4,4,4.36,4,5,4,4,5,5,5,5,5,4,4,5,5,5,5,4.67,4,,5,5,3,4,5,4,5,4,5,4,4,5,4,4.36,,0,1,,1,non-UAE,1,job,1,,,0,0,0
115131,1,EN,5,5,4,5,5,5,5,4,5,5,4,5,5,5,5,4.8,5,5,5,5,5,5,5,5,5,,5,4,5,5,5,4.93,5,5,5,4,5,5,5,5,5,5,5,5,5,5,5,4.93,5,,4,5,5,5,5,5,5,5,5,5,5,5,5,4.93,24,0,2,1,,UAE,0,job,1,4,1,1,0,0
604947,1,EN,5,5,5,5,5,5,5,5,5,5,5,5,5,5,5,5,5,5,5,5,5,5,5,5,5,,5,5,5,5,5,5,5,5,5,5,5,5,5,5,5,5,5,5,5,5,5,5,5,,5,5,5,5,5,5,5,5,5,5,5,5,5,5,30,0,2,1,,UAE,0,,0,,,0,0,0
,,,,,,,,,,,,,,,,,,,,,,,,,,,,,,,,,,,,,,,,,,,,,,,,,,,,,,,,,,,,,,,,,,,,,,,,,,,,,,,,
,,,,,,,,,,,,,,,,,,,,,,,,,,,,,,,,,,,,,,,,,,,,,,,,,,,,,,,,,,,,,,,,,,,21.92465753,,,127,49,,,,,,,87,34,65
,,,,,,,,,,,,,,,,,,,,,,,,,,,,,,,,,,,,,,,,,,,,,,,,,,,,,,,,,,,,,,,,,,,4.933927298,,,,176,,,,,,,,,